{
  "basins": [
    {
      "accessible_fraction": 1.0,
      "basin_id": 0,
      "centroid_cart_A": [
        5.711082634678085,
        5.78503062403416,
        6.446222874043728
      ],
      "centroid_frac": [
        0.27589238056646664,
        0.2794646781721204,
        0.3114057155438411
      ],
      "centroid_stderr_A": 0.2546126501708028,
      "count": 9,
      "energy_stderr_eV": 0.005679547678653015,
      "low_count_flag": true,
      "mean_energy_eV": -0.22930246051923966,
      "spread_A": 1.4008656678298057,
      "std_energy_eV": 0.012517708219583293,
      "uncertainty": {},
      "weight": 0.18701854087753816,
      "weight_stderr": 0.012185200353777285
    },
    {
      "accessible_fraction": 1.0,
      "basin_id": 1,
      "centroid_cart_A": [
        3.900596007639955,
        14.015486350967253,
        16.230009387088117
      ],
      "centroid_frac": [
        0.18843094856331064,
        0.6770635519587667,
        0.7840432739023457
      ],
      "centroid_stderr_A": 0.0,
      "count": 2,
      "energy_stderr_eV": 0.002364993883528871,
      "low_count_flag": true,
      "mean_energy_eV": -0.2124560832285184,
      "spread_A": 0.19423073644003575,
      "std_energy_eV": 0.014716677660837377,
      "uncertainty": {},
      "weight": 0.02361952183018553,
      "weight_stderr": 0.004745643563391657
    },
    {
      "accessible_fraction": 1.0,
      "basin_id": 2,
      "centroid_cart_A": [
        3.9960858885506947,
        4.394329390948434,
        16.673375033195185
      ],
      "centroid_frac": [
        0.193043897149364,
        0.21228234193293052,
        0.8054614902704869
      ],
      "centroid_stderr_A": 0.0,
      "count": 9,
      "energy_stderr_eV": 5.127963599615981e-05,
      "low_count_flag": true,
      "mean_energy_eV": -0.22115012774196188,
      "spread_A": 0.019621120541602796,
      "std_energy_eV": 0.0033524536275738254,
      "uncertainty": {},
      "weight": 0.02952227501789956,
      "weight_stderr": 0.0052895377182805275
    },
    {
      "accessible_fraction": 1.0000000000000002,
      "basin_id": 3,
      "centroid_cart_A": [
        13.868779557491653,
        15.807437672569513,
        13.477848910726388
      ],
      "centroid_frac": [
        0.6699764041995157,
        0.7636295758811189,
        0.6510912306393302
      ],
      "centroid_stderr_A": 1.262177448353619e-29,
      "count": 5,
      "energy_stderr_eV": 0.00015689068921859116,
      "low_count_flag": true,
      "mean_energy_eV": -0.19842504855620252,
      "spread_A": 0.0007295386348165348,
      "std_energy_eV": 0.0002416157691014804,
      "uncertainty": {},
      "weight": 0.012163266082098813,
      "weight_stderr": 0.0034254506204925064
    },
    {
      "accessible_fraction": 1.0,
      "basin_id": 4,
      "centroid_cart_A": [
        15.862076643393726,
        13.835154804755245,
        6.734712169123276
      ],
      "centroid_frac": [
        0.7662690886839736,
        0.668352051397811,
        0.32534212716291844
      ],
      "centroid_stderr_A": 2.524354896707238e-29,
      "count": 4,
      "energy_stderr_eV": 1.0380445831397195e-120,
      "low_count_flag": true,
      "mean_energy_eV": -0.24100999424347697,
      "spread_A": 5.948776401957932e-51,
      "std_energy_eV": 2.3870826855999203e-50,
      "uncertainty": {},
      "weight": 0.06380903096141262,
      "weight_stderr": 0.007637888603118697
    },
    {
      "accessible_fraction": 1.0,
      "basin_id": 5,
      "centroid_cart_A": [
        17.497159740076462,
        15.62996135550077,
        3.5941990302448614
      ],
      "centroid_frac": [
        0.8452570839247775,
        0.7550560064298647,
        0.17362944823505158
      ],
      "centroid_stderr_A": 0.0,
      "count": 5,
      "energy_stderr_eV": 7.295384698791096e-06,
      "low_count_flag": true,
      "mean_energy_eV": -0.23354848615181048,
      "spread_A": 0.00760602881414623,
      "std_energy_eV": 0.001404200751906157,
      "uncertainty": {},
      "weight": 0.04774100923205528,
      "weight_stderr": 0.006663054420350683
    },
    {
      "accessible_fraction": 1.0,
      "basin_id": 6,
      "centroid_cart_A": [
        16.742549262401294,
        4.435731176781029,
        3.85382117582699
      ],
      "centroid_frac": [
        0.8088031759000452,
        0.21428238955677323,
        0.1861713385165016
      ],
      "centroid_stderr_A": 0.18271497313215662,
      "count": 4,
      "energy_stderr_eV": 0.0066146003146317425,
      "low_count_flag": true,
      "mean_energy_eV": -0.21568675605971366,
      "spread_A": 0.9598829866370892,
      "std_energy_eV": 0.011075671159551487,
      "uncertainty": {},
      "weight": 0.06448723906310605,
      "weight_stderr": 0.007675590053987952
    },
    {
      "accessible_fraction": 1.0,
      "basin_id": 7,
      "centroid_cart_A": [
        14.510866663483723,
        7.079653064176931,
        16.217191194271788
      ],
      "centroid_frac": [
        0.7009945055884778,
        0.34200561651837313,
        0.7834240495000961
      ],
      "centroid_stderr_A": 0.00020517849862003565,
      "count": 3,
      "energy_stderr_eV": 0.009047705512121067,
      "low_count_flag": true,
      "mean_energy_eV": -0.23939425229651584,
      "spread_A": 0.04548221983451993,
      "std_energy_eV": 0.009098838347098563,
      "uncertainty": {},
      "weight": 0.06157215555037802,
      "weight_stderr": 0.007511776250186717
    },
    {
      "accessible_fraction": 1.0,
      "basin_id": 8,
      "centroid_cart_A": [
        7.070914766560701,
        14.597189883366454,
        13.808115786556419
      ],
      "centroid_frac": [
        0.3415834846940495,
        0.7051646288654545,
        0.6670458438753077
      ],
      "centroid_stderr_A": 0.0,
      "count": 5,
      "energy_stderr_eV": 1.4871001378408969e-09,
      "low_count_flag": true,
      "mean_energy_eV": -0.22086169286565843,
      "spread_A": 8.748600701702118e-05,
      "std_energy_eV": 2.7408320189166002e-05,
      "uncertainty": {},
      "weight": 0.029127645896867418,
      "weight_stderr": 0.005255133849740239
    },
    {
      "accessible_fraction": 1.0,
      "basin_id": 9,
      "centroid_cart_A": [
        4.30568263507283,
        17.169351159420554,
        16.39538353550039
      ],
      "centroid_frac": [
        0.20799997270935974,
        0.8294212266149715,
        0.7920322088220706
      ],
      "centroid_stderr_A": 0.2238904249500655,
      "count": 5,
      "energy_stderr_eV": 0.00889142314293163,
      "low_count_flag": true,
      "mean_energy_eV": -0.21993755728950387,
      "spread_A": 0.5884641786736907,
      "std_energy_eV": 0.01572231814311086,
      "uncertainty": {},
      "weight": 0.053607875772459505,
      "weight_stderr": 0.007038820329326436
    },
    {
      "accessible_fraction": 1.0,
      "basin_id": 10,
      "centroid_cart_A": [
        14.813229913340935,
        13.956091308724975,
        14.878620599506705
      ],
      "centroid_frac": [
        0.7156011436175599,
        0.6741942816914155,
        0.7187600529220066
      ],
      "centroid_stderr_A": 0.0,
      "count": 2,
      "energy_stderr_eV": 0.0,
      "low_count_flag": true,
      "mean_energy_eV": -0.21072114981705672,
      "spread_A": 2.298206069895059e-15,
      "std_energy_eV": 4.853278048993651e-61,
      "uncertainty": {},
      "weight": 0.019628843028024586,
      "weight_stderr": 0.0043350352720556455
    },
    {
      "accessible_fraction": 0.9999999999999999,
      "basin_id": 11,
      "centroid_cart_A": [
        5.119959249007535,
        17.252576002894717,
        4.811010095310047
      ],
      "centroid_frac": [
        0.2473362470777152,
        0.8334416727645224,
        0.23241145559071555
      ],
      "centroid_stderr_A": 0.10909060910813052,
      "count": 3,
      "energy_stderr_eV": 0.011205219934658542,
      "low_count_flag": true,
      "mean_energy_eV": -0.18441371592772987,