{
  "branch_id": "3b",
  "label": "UiO-66 + CO2 Maia 2023 (UA + UAq + EHq) \u2014 native_widom_v04",
  "executed_at_utc": "2026-06-01 21:09:30",
  "executed_backend": "native_widom_v04",
  "n_seeds": 3,
  "n_insertions_per_seed": 80000,
  "temperature_K": 298.0,
  "reference": {
    "K_H_mol_per_kg_per_bar": 5.14,
    "K_H_window_min": 3.5,
    "K_H_window_max": 7.5,
    "Q_st_kJ_per_mol": 26.5,
    "Q_st_window_min": 22.0,
    "Q_st_window_max": 32.0,
    "source": "Cmarik_2012_Langmuir_SI_Table_S6 (same as 3a)",
    "source_doi": "10.1021/la3035352"
  },
  "variants": {
    "UA": {
      "variant": "UA",
      "n_insertions_per_seed": 80000,
      "seeds": [
        0,
        1,
        2
      ],
      "temperature_K": 298.0,
      "ewald_enabled": false,
      "cutoff_angstrom": 14.0,
      "mixing_rule": "lorentz_berthelot",
      "cif_used": "fixtures/v04/RUBTAK01_SL_DDEC.cif",
      "force_field_lineage": "Maia_2023_UiO-66_CO2_TraPPE_UA",
      "force_field_doi": "10.3390/cryst13101523",
      "charge_provenance_for_charged_variants": "Maia Table 2/3 charges (Maia attributes to Yang 2011 JPC C, DOI 10.1021/jp202633t); applied per Maia atom-type after DDEC-bucket classification overwrites CIF charges",
      "seed_results": [
        {
          "seed": 0,
          "n_insertions": 80000,
          "K_H_mol_per_kg_per_Pa": 1.99217820737526e-05,
          "K_H_mol_per_kg_per_bar": 1.9921782073752599,
          "Q_st_kJ_per_mol": 20.39573384688965,
          "wall_seconds": 47.552098751068115,
          "framework_mass_kg": 2.2159461837933433e-23
        },
        {
          "seed": 1,
          "n_insertions": 80000,
          "K_H_mol_per_kg_per_Pa": 2.022362300359482e-05,
          "K_H_mol_per_kg_per_bar": 2.022362300359482,
          "Q_st_kJ_per_mol": 20.430445925149527,
          "wall_seconds": 48.866347789764404,
          "framework_mass_kg": 2.2159461837933433e-23
        },
        {
          "seed": 2,
          "n_insertions": 80000,
          "K_H_mol_per_kg_per_Pa": 1.966012917210167e-05,
          "K_H_mol_per_kg_per_bar": 1.966012917210167,
          "Q_st_kJ_per_mol": 20.401273617056905,
          "wall_seconds": 49.093477725982666,
          "framework_mass_kg": 2.2159461837933433e-23
        }
      ],
      "aggregated": {
        "K_H_mean_mol_per_kg_per_bar": 1.9935178083149694,
        "K_H_std_mol_per_kg_per_bar": 0.028198566334750562,
        "K_H_min": 1.966012917210167,
        "K_H_max": 2.022362300359482,
        "Q_st_mean_kJ_per_mol": 20.409151129698696,
        "Q_st_std_kJ_per_mol": 0.018648686236464564,
        "Q_st_min": 20.39573384688965,
        "Q_st_max": 20.430445925149527
      },
      "verdict": {
        "variant": "UA",
        "K_H_mean_mol_per_kg_per_bar": 1.9935178083149694,
        "K_H_reference_mol_per_kg_per_bar": 5.14,
        "delta_log10_K_H": -0.41134299937891483,
        "Q_st_mean_kJ_per_mol": 20.409151129698696,
        "Q_st_reference_kJ_per_mol": 26.5,
        "delta_Q_st_kJ_per_mol": -6.090848870301304,
        "K_H_passes_acceptance_window": false,
        "Q_st_passes_acceptance_window": false,
        "K_H_passes_strict_threshold_0p10": false,
        "Q_st_passes_strict_threshold_2kJ_per_mol": false,
        "verdict_strict": "FAIL",
        "verdict_window": "FAIL"
      },
      "wall_seconds_total": 145.51192426681519,
      "backend_tag": "native_widom_v04"
    },
    "UAq": {
      "variant": "UAq",
      "n_insertions_per_seed": 80000,
      "seeds": [
        0,
        1,
        2
      ],
      "temperature_K": 298.0,
      "ewald_enabled": true,
      "cutoff_angstrom": 14.0,
      "mixing_rule": "lorentz_berthelot",
      "cif_used": "fixtures/v04/RUBTAK01_SL_DDEC.cif",
      "force_field_lineage": "Maia_2023_UiO-66_CO2_TraPPE_UAq",
      "force_field_doi": "10.3390/cryst13101523",
      "charge_provenance_for_charged_variants": "Maia Table 2/3 charges (Maia attributes to Yang 2011 JPC C, DOI 10.1021/jp202633t); applied per Maia atom-type after DDEC-bucket classification overwrites CIF charges",
      "seed_results": [
        {
          "seed": 0,
          "n_insertions": 80000,
          "K_H_mol_per_kg_per_Pa": 1.961421461398192e-05,
          "K_H_mol_per_kg_per_bar": 1.961421461398192,
          "Q_st_kJ_per_mol": 20.57995001063861,
          "wall_seconds": 54.80932426452637,
          "framework_mass_kg": 2.2159461837933433e-23
        },
        {
          "seed": 1,
          "n_insertions": 80000,
          "K_H_mol_per_kg_per_Pa": 2.0148094881161665e-05,
          "K_H_mol_per_kg_per_bar": 2.0148094881161667,
          "Q_st_kJ_per_mol": 20.71350590451037,
          "wall_seconds": 54.24381995201111,
          "framework_mass_kg": 2.2159461837933433e-23
        },
        {
          "seed": 2,
          "n_insertions": 80000,
          "K_H_mol_per_kg_per_Pa": 1.947283633379168e-05,
          "K_H_mol_per_kg_per_bar": 1.9472836333791679,
          "Q_st_kJ_per_mol": 20.64130220756595,
          "wall_seconds": 55.466100215911865,
          "framework_mass_kg": 2.2159461837933433e-23
        }
      ],
      "aggregated": {
        "K_H_mean_mol_per_kg_per_bar": 1.9745048609645088,
        "K_H_std_mol_per_kg_per_bar": 0.03561343528290259,
        "K_H_min": 1.9472836333791679,
        "K_H_max": 2.0148094881161667,
        "Q_st_mean_kJ_per_mol": 20.64491937423831,
        "Q_st_std_kJ_per_mol": 0.06685138082360788,
        "Q_st_min": 20.57995001063861,
        "Q_st_max": 20.71350590451037
      },
      "verdict": {
        "variant": "UAq",
        "K_H_mean_mol_per_kg_per_bar": 1.9745048609645088,
        "K_H_reference_mol_per_kg_per_bar": 5.14,
        "delta_log10_K_H": -0.41550491174699,
        "Q_st_mean_kJ_per_mol": 20.64491937423831,
        "Q_st_reference_kJ_per_mol": 26.5,
        "delta_Q_st_kJ_per_mol": -5.8550806257616905,
        "K_H_passes_acceptance_window": false,
        "Q_st_passes_acceptance_window": false,
        "K_H_passes_strict_threshold_0p10": false,
        "Q_st_passes_strict_threshold_2kJ_per_mol": false,
        "verdict_strict": "FAIL",
        "verdict_window": "FAIL"
      },
      "wall_seconds_total": 164.51924443244934,
      "backend_tag": "native_widom_v04"
    },
    "EHq": {
      "variant": "EHq",
      "n_insertions_per_seed": 80000,
      "seeds": [
        0,
        1,
        2
      ],
      "temperature_K": 298.0,
      "ewald_enabled": true,
      "cutoff_angstrom": 14.0,
      "mixing_rule": "lorentz_berthelot",
      "cif_used": "fixtures/v04/RUBTAK01_SL_DDEC.cif",
      "force_field_lineage": "Maia_2023_UiO-66_CO2_TraPPE_EHq",
      "force_field_doi": "10.3390/cryst13101523",
      "charge_provenance_for_charged_variants": "Maia Table 2/3 charges (Maia attributes to Yang 2011 JPC C, DOI 10.1021/jp202633t); applied per Maia atom-type after DDEC-bucket classification overwrites CIF charges",
      "seed_results": [
        {
          "seed": 0,
          "n_insertions": 80000,
          "K_H_mol_per_kg_per_Pa": 2.913089402911303e-05,
          "K_H_mol_per_kg_per_bar": 2.913089402911303,
          "Q_st_kJ_per_mol": 22.057329417932625,
          "wall_seconds": 64.86971831321716,
          "framework_mass_kg": 2.2159461837933433e-23
        },
        {
          "seed": 1,
          "n_insertions": 80000,
          "K_H_mol_per_kg_per_Pa": 2.9415527980603477e-05,
          "K_H_mol_per_kg_per_bar": 2.9415527980603478,
          "Q_st_kJ_per_mol": 22.215753436803205,
          "wall_seconds": 66.209308385849,
          "framework_mass_kg": 2.2159461837933433e-23
        },
        {
          "seed": 2,
          "n_insertions": 80000,
          "K_H_mol_per_kg_per_Pa": 2.766543405786203e-05,
          "K_H_mol_per_kg_per_bar": 2.7665434057862033,
          "Q_st_kJ_per_mol": 21.949837884381527,
          "wall_seconds": 64.51468276977539,
          "framework_mass_kg": 2.2159461837933433e-23
        }
      ],