{
  "engine": "native_lj_widom",
  "cif": "v0.6/WPA_kups_widom/cifs_p1/MFI_P1.cif",
  "N": 2000000,
  "seed": 0,
  "eps_K": 93.0,
  "sigma_A": 3.335,
  "cutoff": 12.0,
  "T": 298.15,
  "mean_exp_negbU": 5.235030300904447,
  "K_H_mol_per_kg_per_Pa": 1.1490073465256823e-06,
  "K_H_mol_per_kg_per_bar": 0.11490073465256823,
  "Q_st_kJ_per_mol": 14.360539108612498,
  "supercell_reps": [
    2,
    2,
    2
  ],
  "V_supercell_A3": 41690.25305312
}