basin_id,sample_count,weight,frac_centroid_a,frac_centroid_b,frac_centroid_c,cart_centroid_x,cart_centroid_y,cart_centroid_z,mean_energy_eV,std_energy_eV,accessible_fraction,spread_A
0,5,0.5506124039829084,0.9852154543023334,0.961961493143234,0.003590145697647449,24.191965480393797,23.62096446413211,0.0881560276057331,-0.395933605051607,0.016754700363963933,0.9999999999999999,0.20170503393996153
1,2,0.02688885404564307,0.46933997571460373,0.030293157486611877,0.04465792525380674,11.524643103672094,0.7438484820837546,1.0965753546072246,-0.32408862549036643,3.505135693155183e-28,1.0,9.093034918513703e-29
2,1,0.3819193900685424,0.02300818631838997,0.036060441021555485,0.9773233226793767,0.5649660150480658,0.885464129284295,23.998174188392095,-0.39226382541727794,0.0,1.0,2.7328001782604853e-15
