{
  "K_H_298": [
    1.4892379666265051e-05,
    1.641611042403932e-05,
    1.576864575288283e-05
  ],
  "K_H_323": [
    7.617807197029478e-06,
    8.27180070929041e-06,
    7.947549247415216e-06
  ]
}