{
  "K_H_298": [
    0.14560886044985266,
    0.10246778653440332,
    0.3622724191287629
  ],
  "K_H_323": [
    0.0275127793094304,
    0.021376018616714655,
    0.06141779530486712
  ]
}