{
  "audit_date_utc": "2026-05-19T_pass7",
  "raspa_generic_mapping": {
    "Cu1_x_O_co2_class": "OngariAExpC6C8",
    "A_K": 100000000.0,
    "B_inv_angstrom": 4.19,
    "C6_K_angstrom6": 31960.0,
    "C8_K_angstrom8": 5000000.0,
    "hardcore_angstrom": 1.8,
    "cutoff_A": 13.0
  },
  "OMS_axial_minimum": {
    "d_O_close_angstrom": 2.4000000000000004,
    "U_total_kJ_per_mol": -25.08561367888931,
    "components_kJ_per_mol": {
      "Cu_O_co2_generic_K": -3.889728800826519,
      "other_LJ_K": -7.0882958504380325,
      "ewald_real_plus_recip_K": -14.107589027624764
    },
    "ongari_OMS_target_kJ_per_mol": -27.3,
    "delta_vs_ongari_kJ_per_mol": 2.214386321110691
  },
  "rare_tail_audit": {
    "n_insertions": 5000,
    "n_hardcore_rejected": 1065,
    "n_finite": 3935,
    "min_closest_Cu_O_angstrom": 1.8004054362759772,
    "top_20_U_kJ_per_mol": [
      -31.89704338563749,
      -30.212907731705005,
      -28.630999709877003,
      -27.41997930729798,
      -26.519566092966922,
      -26.516198110714335,
      -25.552081293238672,
      -25.200266659867307,
      -24.587148488218556,
      -24.468287337959122,
      -24.456415263812342,
      -24.242375776603115,
      -24.225413472250604,
      -24.224237505643114,
      -23.99251667096836,
      -23.747344435869785,
      -23.29641353529874,
      -23.262790626859733,
      -23.230684657273688,
      -23.225793229555894
    ],
    "top_20_closest_Cu_O_angstrom": [
      3.931392391654457,
      3.0222110103348783,
      4.6968872629950384,
      2.247287321712898,
      4.83466755546047,
      5.54239499223577,
      3.237581954723248,
      4.505789929197601,
      3.867978501724564,
      4.327672922766241,
      3.514722660941436,
      2.67217302457177,
      3.190072241582527,
      4.69925703476088,
      2.495946086755703,
      5.411499649920726,
      5.049750243521501,
      4.289430730358391,
      2.2243754370714446,
      4.754864372400413
    ],
    "K_H_fraction_from_top_1": 0.27257178253335496,
    "K_H_fraction_from_top_10": 0.657751284003366,
    "K_H_fraction_from_top_100": 0.9204227733476208,
    "K_H_fraction_from_top_1000": 0.9980183459079939,
    "K_H_estimate_5k_mol_per_kg_per_bar": 17.061110170158308,
    "K_H_production_R7_mol_per_kg_per_bar": 176.84
  }
}