{
  "variant": "EHq",
  "n_insertions_per_seed": 80000,
  "seeds": [
    0,
    1,
    2
  ],
  "temperature_K": 298.0,
  "ewald_enabled": true,
  "cutoff_angstrom": 14.0,
  "mixing_rule": "lorentz_berthelot",
  "cif_used": "fixtures/v04/RUBTAK01_SL_DDEC.cif",
  "force_field_lineage": "Maia_2023_UiO-66_CO2_TraPPE_EHq",
  "force_field_doi": "10.3390/cryst13101523",
  "charge_provenance_for_charged_variants": "Maia Table 2/3 charges (Maia attributes to Yang 2011 JPC C, DOI 10.1021/jp202633t); applied per Maia atom-type after DDEC-bucket classification overwrites CIF charges",
  "seed_results": [
    {
      "seed": 0,
      "n_insertions": 80000,
      "K_H_mol_per_kg_per_Pa": 2.913089402911303e-05,
      "K_H_mol_per_kg_per_bar": 2.913089402911303,
      "Q_st_kJ_per_mol": 22.057329417932625,
      "wall_seconds": 62.51113986968994,
      "framework_mass_kg": 2.2159461837933433e-23
    },
    {
      "seed": 1,
      "n_insertions": 80000,
      "K_H_mol_per_kg_per_Pa": 2.9415527980603477e-05,
      "K_H_mol_per_kg_per_bar": 2.9415527980603478,
      "Q_st_kJ_per_mol": 22.215753436803205,
      "wall_seconds": 65.41473841667175,
      "framework_mass_kg": 2.2159461837933433e-23
    },
    {
      "seed": 2,
      "n_insertions": 80000,
      "K_H_mol_per_kg_per_Pa": 2.766543405786203e-05,
      "K_H_mol_per_kg_per_bar": 2.7665434057862033,
      "Q_st_kJ_per_mol": 21.949837884381527,
      "wall_seconds": 66.53171610832214,
      "framework_mass_kg": 2.2159461837933433e-23
    }
  ],
  "aggregated": {
    "K_H_mean_mol_per_kg_per_bar": 2.873728535585951,
    "K_H_std_mol_per_kg_per_bar": 0.09390969201043249,
    "K_H_min": 2.7665434057862033,
    "K_H_max": 2.9415527980603478,
    "Q_st_mean_kJ_per_mol": 22.07430691303912,
    "Q_st_std_kJ_per_mol": 0.1337682576697469,
    "Q_st_min": 21.949837884381527,
    "Q_st_max": 22.215753436803205
  },
  "verdict": {
    "variant": "EHq",
    "K_H_mean_mol_per_kg_per_bar": 2.873728535585951,
    "K_H_reference_mol_per_kg_per_bar": 5.14,
    "delta_log10_K_H": -0.2525173785322567,
    "Q_st_mean_kJ_per_mol": 22.07430691303912,
    "Q_st_reference_kJ_per_mol": 26.5,
    "delta_Q_st_kJ_per_mol": -4.42569308696088,
    "K_H_passes_acceptance_window": false,
    "Q_st_passes_acceptance_window": true,
    "K_H_passes_strict_threshold_0p10": false,
    "Q_st_passes_strict_threshold_2kJ_per_mol": false,
    "verdict_strict": "FAIL",
    "verdict_window": "FAIL"
  },
  "wall_seconds_total": 194.45759439468384,
  "backend_tag": "native_widom_v04"
}